distance_km,duration_min,current_speed,free_flow_speed,temperature_celsius,humidity,wind_speed_mps,congestion_ratio,risk_level
1936.02,1913.06,60.72,67.92,11.88,95.37,10.85,0.894,High
1966.23,4497.67,26.23,44.61,36.54,52.54,6.76,0.588,Moderate
1111.32,1923.81,34.66,52.04,34.55,52.11,6.31,0.666,Moderate
889.54,538.14,99.18,107.8,13.89,82.13,4.39,0.92,High
389.95,335.39,69.76,86.23,14.52,83.89,12.17,0.809,High
477.73,1055.37,27.16,44.74,31.4,45.3,6.83,0.607,Moderate
1752.16,2058.54,51.07,58.43,17.75,77.5,10.14,0.874,High
353.68,1657.87,12.8,49.99,23.3,88.33,11.03,0.256,High
1149.99,2502.7,27.57,77.66,31.37,46.49,4.96,0.355,High
1913.67,2090.3,54.93,82.6,20.08,46.08,5.06,0.665,Moderate
540.39,555.01,58.42,65.64,19.17,39.85,3.06,0.89,Low
1656.48,1544.74,64.34,76.78,22.13,73.49,3.17,0.838,Low
61.67,111.89,33.07,41.75,17.23,62.54,3.07,0.792,Low
1742.32,2849.26,36.69,68.46,30.61,42.66,1.61,0.536,Moderate
299.42,180.1,99.75,107.14,15.32,95.2,11.01,0.931,High
1793.64,3450.41,31.19,68.7,36.05,45.95,2.42,0.454,High
768.36,1534.67,30.04,78.44,25.17,88.71,7.89,0.383,High
1570.14,1622.05,58.08,78.81,26.32,31.46,4.46,0.737,Moderate
828.0,3303.19,15.04,45.84,17.41,77.38,6.07,0.328,High
870.44,2465.84,21.18,79.32,17.65,93.79,7.91,0.267,High
1219.21,1069.01,68.43,71.8,23.47,54.34,4.32,0.953,Low
1304.08,4330.09,18.07,67.92,27.92,73.65,8.99,0.266,High
275.9,420.37,39.38,85.42,28.54,71.9,2.75,0.461,High
2290.45,9458.16,14.53,52.27,21.42,74.04,7.66,0.278,High
796.26,958.77,49.83,106.47,19.12,77.76,3.15,0.468,High
117.05,104.48,67.22,67.63,24.97,93.16,12.04,0.994,High
1299.55,1602.73,48.65,58.69,21.47,48.31,7.23,0.829,Low
659.84,872.61,45.37,105.26,34.62,35.36,2.25,0.431,High
1500.46,2254.64,39.93,100.59,33.55,64.01,4.51,0.397,High
364.02,1435.98,15.21,36.05,31.55,34.26,4.54,0.422,High
1737.18,3316.28,31.43,78.58,24.31,89.21,5.18,0.4,High
313.77,328.55,57.3,104.57,27.77,53.2,7.69,0.548,Moderate
719.68,1538.33,28.07,104.36,26.68,48.71,2.98,0.269,High
1050.69,841.56,74.91,107.47,24.09,86.22,15.63,0.697,High
49.5,78.86,37.66,43.19,14.65,83.8,9.45,0.872,High
2170.01,2903.02,44.85,80.23,26.52,52.82,7.07,0.559,Moderate
1137.47,2982.88,22.88,53.59,26.33,72.74,4.6,0.427,High
1488.11,2238.32,39.89,45.96,20.88,62.23,2.16,0.868,Low
715.38,2737.42,15.68,46.52,19.11,36.11,1.37,0.337,High
1479.9,1893.26,46.9,86.05,28.09,60.63,6.96,0.545,Moderate
113.47,327.16,20.81,48.61,29.42,44.57,1.34,0.428,High
937.17,2321.64,24.22,74.28,11.04,94.05,4.89,0.326,High
2109.72,1251.32,101.16,102.7,25.59,86.7,11.01,0.985,High
340.71,427.4,47.83,75.21,19.26,80.01,9.76,0.636,High
669.83,1453.52,27.65,45.48,22.65,42.86,3.56,0.608,Moderate
822.1,1017.45,48.48,63.46,36.98,62.07,4.37,0.764,Low
824.26,742.69,66.59,75.16,30.09,63.65,6.43,0.886,Low
723.95,1198.92,36.23,90.12,27.21,73.43,9.53,0.402,High
242.26,519.31,27.99,89.43,10.75,98.01,15.81,0.313,High
1486.24,1124.95,79.27,93.7,13.07,89.16,8.05,0.846,High
1542.33,2869.45,32.25,47.85,23.32,63.29,7.35,0.674,Moderate
1999.12,2382.74,50.34,71.91,10.39,77.81,7.96,0.7,High
1646.37,1790.18,55.18,66.4,20.67,76.44,7.34,0.831,Low
679.98,1347.38,30.28,62.31,20.96,62.76,4.07,0.486,High
961.38,966.7,59.67,89.73,23.61,86.5,11.14,0.665,High
2466.65,1730.17,85.54,88.83,35.01,52.3,1.85,0.963,Low
1472.7,3946.49,22.39,86.46,30.51,55.34,5.21,0.259,High
1108.57,1229.01,54.12,57.64,12.21,95.92,11.91,0.939,High
713.35,1326.75,32.26,97.77,21.31,90.6,7.99,0.33,High
2243.1,8401.12,16.02,37.17,33.54,36.94,7.37,0.431,High
1642.39,10286.37,9.58,37.71,30.12,58.05,2.67,0.254,High
2124.28,3811.51,33.44,39.29,23.44,91.75,16.22,0.851,High
105.18,366.06,17.24,50.13,28.9,67.05,7.96,0.344,High
392.26,661.3,35.59,90.1,32.2,64.31,5.28,0.395,High
140.98,369.38,22.9,81.22,24.19,74.5,4.83,0.282,High
462.92,430.96,64.45,108.5,22.73,84.88,5.31,0.594,High
2365.33,3602.03,39.4,57.6,22.98,94.46,5.34,0.684,High
1273.34,1930.77,39.57,65.3,20.68,39.73,3.13,0.606,Moderate
1072.62,1096.75,58.68,80.82,26.18,37.62,5.12,0.726,Moderate
796.02,2246.53,21.26,37.7,18.51,65.04,5.96,0.564,Moderate
1756.5,1705.89,61.78,83.6,33.75,49.22,4.02,0.739,Moderate
1566.9,2386.14,39.4,62.05,27.73,93.95,8.53,0.635,High
1303.09,1693.42,46.17,94.99,19.88,73.01,4.65,0.486,High
2105.77,7011.44,18.02,39.17,21.46,40.99,6.2,0.46,High
41.63,28.86,86.56,97.04,21.07,51.03,1.84,0.892,Low
915.47,515.47,106.56,106.88,16.22,87.88,10.35,0.997,High
972.67,2723.29,21.43,83.07,28.5,35.73,2.16,0.258,High
2091.58,1723.36,72.82,109.18,29.81,73.68,8.03,0.667,High
984.47,1765.34,33.46,41.0,23.39,50.27,3.27,0.816,Low
2268.22,8349.28,16.3,38.35,27.8,50.53,4.45,0.425,High
214.87,274.01,47.05,53.28,26.98,68.46,7.34,0.883,Low
149.98,219.8,40.94,62.5,34.89,46.89,6.38,0.655,Moderate
2130.78,1882.59,67.91,72.86,31.01,56.92,5.49,0.932,Low
1330.87,3392.19,23.54,42.87,22.62,74.62,7.05,0.549,High
483.05,831.17,34.87,36.86,20.15,65.95,2.05,0.946,Low
698.67,659.12,63.6,87.73,20.41,86.46,15.38,0.725,High
2258.8,1565.71,86.56,89.05,27.34,72.97,10.59,0.972,High
1103.02,1167.83,56.67,76.48,27.69,81.92,15.07,0.741,High
1876.21,5381.1,20.92,60.99,33.55,47.14,7.9,0.343,High
1165.11,1154.34,60.56,108.34,11.7,84.44,11.22,0.559,High
2312.13,5161.0,26.88,96.69,18.97,33.82,5.73,0.278,High
1784.58,1280.34,83.63,93.03,26.02,71.27,6.11,0.899,High
1556.63,3715.11,25.14,99.36,27.55,46.04,4.81,0.253,High
2239.61,3677.52,36.54,85.37,16.96,92.19,6.69,0.428,High
1477.85,3001.73,29.54,64.77,13.75,72.21,7.08,0.456,High
1795.51,1128.54,95.46,95.56,26.16,34.79,5.02,0.999,Low
2493.96,2455.09,60.95,87.57,36.31,47.39,1.94,0.696,Moderate
916.62,3424.48,16.06,40.04,27.07,52.21,3.4,0.401,High
1053.85,726.38,87.05,106.94,19.69,76.39,3.65,0.814,Low
816.73,734.03,66.76,103.18,21.81,86.99,6.69,0.647,High
607.22,1677.4,21.72,59.19,15.66,84.6,11.13,0.367,High
1960.64,2855.3,41.2,67.88,21.49,94.55,16.93,0.607,High
1970.04,3598.25,32.85,48.89,31.06,63.44,4.59,0.672,Moderate
1085.27,1781.08,36.56,37.69,18.82,38.61,1.46,0.97,Low
1140.52,1917.91,35.68,73.71,20.23,43.46,1.42,0.484,High
1746.98,4349.33,24.1,50.53,26.33,30.06,1.78,0.477,High
2157.6,5847.15,22.14,35.09,20.66,60.1,7.46,0.631,Moderate
2103.8,4704.73,26.83,54.53,27.6,53.91,2.6,0.492,High
830.19,1662.04,29.97,104.78,28.23,50.27,2.33,0.286,High
349.82,786.11,26.7,103.91,18.63,33.87,5.34,0.257,High
607.89,677.44,53.84,77.69,10.09,92.19,9.57,0.693,High
411.04,297.39,82.93,92.97,36.38,45.91,5.22,0.892,Low
2461.7,2764.92,53.42,62.12,33.98,51.03,2.51,0.86,Low
1038.0,3425.74,18.18,58.82,24.93,30.67,2.16,0.309,High
1814.33,1536.7,70.84,88.11,35.8,50.78,1.88,0.804,Low
363.58,660.05,33.05,86.98,33.84,45.14,2.12,0.38,High
2482.75,5476.65,27.2,78.85,27.61,83.94,9.6,0.345,High
686.6,1525.78,27.0,38.79,31.27,59.27,1.13,0.696,Moderate
1491.31,1888.53,47.38,52.35,30.22,49.37,3.77,0.905,Low
1695.66,1685.27,60.37,89.43,29.67,80.9,8.63,0.675,High
36.11,35.75,60.61,94.7,19.88,61.14,3.77,0.64,Moderate
1708.04,2284.49,44.86,46.2,21.99,60.06,7.39,0.971,Low
534.31,570.54,56.19,70.24,17.58,83.44,10.68,0.8,High
1829.18,1729.72,63.45,93.72,36.08,60.3,6.59,0.677,Moderate
254.16,374.96,40.67,50.33,37.58,43.2,6.04,0.808,Low
2219.49,4215.56,31.59,64.6,25.62,59.32,6.21,0.489,High
2338.78,5031.44,27.89,70.07,25.88,34.59,2.14,0.398,High
1712.98,1759.91,58.4,60.46,19.98,56.37,7.17,0.966,Low
698.89,2149.33,19.51,50.16,23.37,54.08,2.32,0.389,High
1206.32,915.73,79.04,106.95,16.21,53.84,4.06,0.739,Moderate
1913.18,1230.47,93.29,100.75,27.65,97.87,7.79,0.926,High
348.79,544.13,38.46,57.83,34.92,51.59,4.8,0.665,Moderate
417.45,1253.6,19.98,53.99,21.68,89.11,6.66,0.37,High
931.28,1042.48,53.6,65.36,14.14,94.48,5.09,0.82,High
2240.82,7057.7,19.05,42.53,13.59,80.75,8.05,0.448,High
616.92,471.71,78.47,88.27,16.79,83.8,6.24,0.889,High
615.77,821.57,44.97,47.09,25.55,83.46,8.42,0.955,High
1326.72,1836.71,43.34,75.24,20.51,63.33,4.37,0.576,Moderate
2383.25,4542.41,31.48,47.27,23.06,31.05,1.83,0.666,Moderate
2292.54,3296.25,41.73,59.11,22.01,63.62,3.31,0.706,Moderate
2471.57,1909.29,77.67,96.37,17.06,77.22,4.39,0.806,Low
130.02,151.95,51.34,60.68,29.02,72.78,3.48,0.846,Low
2309.84,2802.07,49.46,67.85,37.87,39.83,1.43,0.729,Moderate
1148.36,4237.49,16.26,44.68,21.86,77.26,4.23,0.364,High
1816.82,2102.8,51.84,69.58,23.46,78.25,4.4,0.745,Moderate
447.2,353.1,75.99,85.86,26.99,61.24,6.25,0.885,Low
2479.56,2667.63,55.77,74.86,36.95,42.82,6.17,0.745,Moderate
1010.83,995.24,60.94,77.14,32.14,59.68,6.53,0.79,Low
859.19,1354.83,38.05,65.61,19.83,53.36,5.59,0.58,Moderate
1658.96,5511.5,18.06,36.48,33.56,60.12,2.73,0.495,High
1671.28,4920.35,20.38,44.7,23.67,53.62,7.37,0.456,High
510.29,521.5,58.71,75.66,20.2,81.12,13.88,0.776,High
804.63,811.12,59.52,108.21,10.46,80.4,11.88,0.55,High
1527.52,1409.58,65.02,68.3,16.44,84.16,8.41,0.952,High
1582.35,3650.17,26.01,60.06,28.48,91.93,12.8,0.433,High
1863.75,1473.13,75.91,92.35,23.13,53.41,6.51,0.822,Low
726.85,1164.82,37.44,54.34,22.38,58.56,7.02,0.689,Moderate
423.41,1423.23,17.85,35.56,26.78,73.6,10.97,0.502,High
293.68,274.51,64.19,64.25,21.08,44.8,5.34,0.999,Low
2332.59,4268.23,32.79,108.56,33.81,39.47,7.19,0.302,High
1660.32,2627.09,37.92,43.39,26.47,49.33,4.51,0.874,Low
1716.98,1234.5,83.45,83.95,18.33,77.28,15.01,0.994,High
2441.78,4175.17,35.09,58.87,15.03,68.53,4.47,0.596,Moderate
1969.72,1400.94,84.36,97.41,24.43,56.21,6.61,0.866,Low
1230.69,2022.5,36.51,101.98,11.92,73.99,8.8,0.358,High
173.46,1068.54,9.74,38.96,29.49,46.22,6.57,0.25,High
2058.7,7206.65,17.14,47.6,26.46,84.01,11.37,0.36,High
236.43,273.49,51.87,64.59,33.05,47.65,6.25,0.803,Low
1164.38,2696.36,25.91,62.59,33.03,34.16,1.6,0.414,High
444.85,639.31,41.75,48.15,37.81,34.8,5.57,0.867,Low
1124.58,1155.19,58.41,64.47,25.46,79.62,9.43,0.906,High
1641.9,2169.91,45.4,56.68,25.02,74.0,6.97,0.801,Low
71.31,157.65,27.14,38.71,19.2,59.65,7.31,0.701,Moderate
2067.4,2985.42,41.55,77.09,28.44,41.02,4.95,0.539,Moderate
1693.25,10129.11,10.03,39.96,35.89,52.62,2.2,0.251,High
2226.21,3132.57,42.64,70.25,9.19,80.16,13.44,0.607,High
492.74,836.81,35.33,85.96,22.14,44.8,2.23,0.411,High
341.06,419.68,48.76,99.52,19.11,42.51,2.85,0.49,High
1528.16,1985.91,46.17,50.4,10.0,77.58,8.27,0.916,High
1550.83,2370.7,39.25,44.15,26.4,83.68,12.97,0.889,High
115.22,215.43,32.09,65.09,19.54,94.35,8.87,0.493,High
2446.69,3270.25,44.89,72.4,15.61,84.54,13.43,0.62,High
324.49,834.16,23.34,59.08,35.32,50.63,3.51,0.395,High
1024.63,1258.76,48.84,67.36,26.66,84.4,10.62,0.725,High
1130.36,1466.41,46.25,77.6,25.09,56.23,4.42,0.596,Moderate
949.59,3608.32,15.79,42.1,17.78,75.58,9.06,0.375,High
1890.07,2400.09,47.25,54.31,19.95,91.05,7.58,0.87,High
2364.07,2334.12,60.77,64.44,14.09,46.35,6.76,0.943,Low
1408.86,2828.09,29.89,36.99,19.93,82.11,4.05,0.808,High
1967.69,2171.84,54.36,59.8,29.3,39.46,2.12,0.909,Low
1938.4,2469.3,47.1,72.24,27.27,95.54,9.06,0.652,High
1487.71,1666.59,53.56,100.86,34.22,46.86,4.95,0.531,Moderate
2455.45,3214.64,45.83,80.54,26.35,34.14,6.56,0.569,Moderate
2095.1,4667.88,26.93,56.33,10.48,83.53,8.17,0.478,High
1726.87,2920.3,35.48,47.25,30.37,31.4,4.23,0.751,Low
1308.02,4328.8,18.13,51.07,24.88,33.39,7.63,0.355,High
1015.46,649.2,93.85,95.67,31.03,60.5,5.44,0.981,Low
1075.42,3459.8,18.65,67.33,33.87,78.55,2.28,0.277,High
1765.96,1983.48,53.42,57.63,36.72,59.31,1.82,0.927,Low
154.26,258.39,35.82,97.6,32.31,64.86,4.78,0.367,High
1115.32,1723.83,38.82,39.73,21.79,40.01,7.75,0.977,Low
240.24,184.47,78.14,100.05,29.52,91.9,12.49,0.781,High
321.7,309.38,62.39,94.68,31.98,79.01,6.93,0.659,Moderate
1209.93,1942.1,37.38,69.23,25.83,33.14,1.54,0.54,Moderate
1950.78,1803.49,64.9,68.46,14.7,50.51,3.44,0.948,Low
2439.46,4470.6,32.74,51.4,27.54,80.67,7.54,0.637,High
388.24,1479.95,15.74,39.75,32.25,63.8,6.38,0.396,High
508.66,450.41,67.76,95.04,28.98,79.05,4.82,0.713,High
568.69,524.46,65.06,67.84,33.42,48.92,2.28,0.959,Low
805.23,761.93,63.41,83.99,18.57,70.27,3.18,0.755,Low
2341.99,8674.04,16.2,49.09,24.39,62.79,5.06,0.33,High
2487.06,3434.38,43.45,71.47,15.34,65.75,3.6,0.608,Moderate
1595.83,2501.95,38.27,38.81,31.94,61.64,2.42,0.986,Low
2056.42,1765.17,69.9,83.61,26.76,74.97,6.42,0.836,Low
872.45,819.72,63.86,84.69,15.42,85.2,15.93,0.754,High
1266.88,1415.77,53.69,90.24,32.9,34.59,2.39,0.595,Moderate
1568.93,1122.54,83.86,91.05,20.21,63.46,2.08,0.921,Low
498.18,812.69,36.78,56.85,25.21,88.41,5.58,0.647,High
897.42,2104.15,25.59,70.88,24.17,34.45,4.85,0.361,High
1764.05,4304.31,24.59,40.24,24.96,91.19,8.03,0.611,High
2052.29,4455.04,27.64,53.06,27.35,43.72,2.69,0.521,Moderate
1880.69,4235.79,26.64,58.54,26.78,40.6,3.58,0.455,High
593.81,407.46,87.44,92.24,26.86,75.35,8.99,0.948,Low
1535.72,972.9,94.71,101.73,19.22,72.11,4.14,0.931,High
1195.62,1790.3,40.07,72.07,25.04,74.28,2.76,0.556,Moderate
566.82,406.27,83.71,94.48,25.46,96.36,10.46,0.886,High
1007.15,1555.44,38.85,55.11,14.89,88.37,10.26,0.705,High
428.65,1768.84,14.54,49.64,16.06,95.02,14.49,0.293,High
483.84,701.73,41.37,48.16,36.27,34.9,5.74,0.859,Low
2037.11,5080.07,24.06,52.64,13.29,85.32,11.76,0.457,High
636.32,494.23,77.25,93.18,34.7,37.46,1.03,0.829,Low
1430.06,2806.79,30.57,109.56,28.38,58.35,1.62,0.279,High
991.11,1235.03,48.15,91.03,21.91,44.35,4.36,0.529,Moderate
2155.23,2024.64,63.87,83.17,16.24,84.68,17.16,0.768,High
618.46,506.73,73.23,89.74,27.36,37.02,2.3,0.816,Low
1162.25,1451.91,48.03,56.71,26.05,76.92,6.47,0.847,High
640.55,889.04,43.23,45.13,22.49,59.63,3.79,0.958,Low
92.62,161.69,34.37,47.15,14.22,93.85,11.66,0.729,High
2121.71,8486.84,15.0,52.07,16.12,86.09,10.84,0.288,High
325.09,218.52,89.26,93.56,18.82,92.79,8.75,0.954,High
1863.2,1426.1,78.39,96.54,20.36,38.34,4.52,0.812,Low
1265.67,1767.28,42.97,78.7,28.26,76.41,10.63,0.546,High
1696.54,3507.66,29.02,74.23,29.21,88.77,12.26,0.391,High
2460.54,3298.31,44.76,61.4,33.73,48.28,4.89,0.729,Moderate
2189.47,2774.41,47.35,56.3,37.6,60.92,3.11,0.841,Low
1926.63,2721.23,42.48,60.26,30.59,45.86,3.54,0.705,Moderate
1781.23,2223.76,48.06,77.26,24.97,60.28,1.22,0.622,Moderate
994.11,1955.63,30.5,105.89,15.15,92.53,10.71,0.288,High
2214.83,4006.32,33.17,51.19,14.91,76.0,4.24,0.648,High
2396.5,2241.12,64.16,88.25,20.63,82.38,8.05,0.727,High
1602.9,2094.84,45.91,50.12,16.99,85.04,5.27,0.916,High
2431.0,1509.0,96.66,102.72,21.38,37.41,1.63,0.941,Low
304.68,456.68,40.03,40.35,20.65,58.95,5.06,0.992,Low
1937.17,1548.08,75.08,82.32,24.44,69.95,5.13,0.912,Low
868.43,1972.21,26.42,70.07,15.21,73.99,6.22,0.377,High
2105.97,2763.74,45.72,59.77,11.55,89.89,6.77,0.765,High
545.47,405.15,80.78,86.67,29.38,40.14,4.88,0.932,Low
1556.55,1610.22,58.0,80.78,31.87,53.62,5.78,0.718,Moderate
189.81,298.44,38.16,68.51,22.45,45.43,6.2,0.557,Moderate
596.47,558.58,64.07,97.23,19.45,82.98,9.58,0.659,High
2320.29,2997.79,46.44,71.89,28.75,47.51,5.61,0.646,Moderate
1206.57,1121.35,64.56,104.13,33.24,60.77,3.27,0.62,Moderate
546.21,3109.35,10.54,42.14,29.38,70.67,2.23,0.25,High
1427.11,1923.33,44.52,46.57,30.53,41.42,5.49,0.956,Low
1033.59,1594.23,38.9,91.97,20.0,89.66,11.65,0.423,High
2497.08,6219.38,24.09,51.8,23.26,50.39,7.95,0.465,High
2475.74,2734.62,54.32,74.51,28.66,75.3,8.76,0.729,High
2082.93,3731.73,33.49,57.74,27.7,96.75,15.78,0.58,High
676.48,1041.27,38.98,59.06,24.11,67.28,4.86,0.66,Moderate
1874.19,3762.17,29.89,60.02,21.77,59.77,4.12,0.498,High
573.53,562.74,61.15,91.95,24.33,36.2,5.59,0.665,Moderate
691.2,3575.17,11.6,39.87,14.43,74.71,3.09,0.291,High
1518.38,2290.17,39.78,68.35,34.06,61.26,1.08,0.582,Moderate
450.62,397.31,68.05,102.79,22.06,53.1,6.07,0.662,Moderate
1500.57,1361.47,66.13,106.49,27.54,42.59,2.57,0.621,Moderate
119.68,149.13,48.15,61.42,26.78,52.54,5.27,0.784,Low
1942.74,1552.12,75.1,95.79,27.5,51.12,2.72,0.784,Low
111.17,217.98,30.6,51.77,21.53,58.85,7.48,0.591,Moderate
507.36,1105.36,27.54,104.72,27.04,75.29,15.39,0.263,High
2425.65,1445.56,100.68,102.94,15.56,74.74,6.3,0.978,Low
1538.77,2051.24,45.01,66.29,32.8,32.63,6.11,0.679,Moderate
2123.2,2861.46,44.52,70.44,37.39,55.66,3.58,0.632,Moderate
441.14,859.92,30.78,51.47,22.68,80.17,16.46,0.598,High
948.61,1335.44,42.62,98.88,32.53,54.03,6.85,0.431,High
2468.34,10123.06,14.63,46.29,20.79,47.49,5.33,0.316,High
1885.66,4004.94,28.25,56.38,20.4,91.91,8.02,0.501,High
2382.67,5062.33,28.24,83.81,19.79,73.68,5.37,0.337,High
1720.4,5757.06,17.93,38.55,26.82,44.5,4.65,0.465,High
702.69,1585.61,26.59,37.4,31.03,33.8,1.1,0.711,Moderate
624.49,990.99,37.81,69.24,17.56,83.79,9.34,0.546,High
59.47,95.2,37.48,73.64,16.01,72.4,8.6,0.509,Moderate
60.56,55.12,65.92,80.1,33.75,52.13,7.5,0.823,Low
2452.61,6598.95,22.3,38.18,16.93,56.77,8.91,0.584,Moderate
45.49,44.88,60.81,68.94,27.6,64.23,4.32,0.882,Low
331.65,533.63,37.29,38.88,28.08,33.17,3.97,0.959,Low
2325.61,1963.09,71.08,72.68,28.09,60.08,4.14,0.978,Low
702.32,784.13,53.74,99.16,33.53,51.53,4.11,0.542,Moderate
82.52,192.2,25.76,64.39,13.63,87.55,6.37,0.4,High
891.27,1109.69,48.19,61.16,21.23,74.84,6.0,0.788,Low
538.51,621.72,51.97,102.51,27.89,34.34,2.67,0.507,Moderate
1869.04,2927.24,38.31,44.81,20.13,92.05,14.85,0.855,High
2482.06,6604.15,22.55,60.62,24.66,51.23,6.29,0.372,High
40.24,51.53,46.85,104.58,20.16,38.41,2.92,0.448,High
86.86,235.82,22.1,55.95,25.7,41.87,3.3,0.395,High
228.88,926.01,14.83,36.89,29.82,94.14,8.54,0.402,High
1331.9,1643.31,48.63,58.59,26.89,93.28,7.91,0.83,High
1918.35,2506.01,45.93,95.48,9.89,98.86,15.47,0.481,High
237.71,613.71,23.24,84.22,25.98,85.66,11.71,0.276,High
249.22,478.66,31.24,55.69,26.96,39.28,3.75,0.561,Moderate
1065.63,1398.16,45.73,100.96,18.52,78.52,8.52,0.453,High
1047.27,1845.41,34.05,54.3,25.04,49.8,3.89,0.627,Moderate
2060.66,2332.82,53.0,54.25,29.35,91.79,5.28,0.977,High
1318.52,1917.38,41.26,47.75,19.27,77.54,2.81,0.864,Low
1411.84,3234.46,26.19,89.08,30.32,47.36,5.59,0.294,High
650.1,1358.15,28.72,84.72,25.89,79.46,10.56,0.339,High
1471.15,1707.0,51.71,88.85,20.08,64.99,4.19,0.582,Moderate
2181.97,1952.55,67.05,71.18,20.28,62.54,7.63,0.942,Low
790.22,1305.79,36.31,61.64,21.8,61.44,2.77,0.589,Moderate
1764.65,9478.87,11.17,40.04,20.78,67.94,2.66,0.279,High
2374.88,1723.84,82.66,91.14,24.4,42.89,4.76,0.907,Low
745.69,2146.9,20.84,39.55,25.72,36.89,2.83,0.527,Moderate
1569.25,2885.53,32.63,64.11,29.44,58.26,6.11,0.509,Moderate
2415.68,2097.25,69.11,74.15,11.17,81.16,10.28,0.932,High
2466.85,6667.16,22.2,69.38,16.53,71.3,5.55,0.32,High
1809.96,1501.21,72.34,100.2,29.09,74.49,8.08,0.722,Moderate
95.89,182.07,31.6,76.71,22.97,80.93,5.69,0.412,High
850.86,1442.95,35.38,87.78,35.76,56.75,2.4,0.403,High
734.32,522.77,84.28,107.91,20.15,55.47,2.28,0.781,Low
1822.56,11261.96,9.71,38.24,28.98,89.67,8.24,0.254,High
1217.68,2188.76,33.38,67.71,22.62,65.94,8.29,0.493,High
2487.55,6768.84,22.05,40.91,25.04,40.06,2.22,0.539,Moderate
1911.37,1691.23,67.81,72.22,19.34,44.11,1.56,0.939,Low
660.51,893.79,44.34,108.95,29.47,47.43,5.06,0.407,High
944.95,1651.05,34.34,97.01,27.8,75.39,4.59,0.354,High
1421.53,5615.0,15.19,40.19,32.56,40.08,6.07,0.378,High
170.66,117.12,87.43,99.69,18.48,31.97,6.98,0.877,Low
590.59,816.67,43.39,76.12,19.78,83.02,12.9,0.57,High
379.57,809.89,28.12,97.3,31.73,68.28,6.8,0.289,High
661.98,1139.71,34.85,66.39,23.24,56.44,4.14,0.525,Moderate
630.88,1676.39,22.58,62.38,22.04,73.48,10.24,0.362,High
2119.93,6635.15,19.17,52.82,18.95,56.68,7.91,0.363,High
116.98,253.39,27.7,91.11,29.12,57.57,2.08,0.304,High
1490.0,1845.58,48.44,109.34,20.48,49.43,5.18,0.443,High
1981.72,1414.34,84.07,91.48,14.95,84.45,6.68,0.919,High
827.81,622.18,79.83,104.9,16.34,87.9,12.36,0.761,High
272.68,480.07,34.08,52.75,36.63,34.33,2.39,0.646,Moderate
1914.48,2937.82,39.1,42.27,11.37,87.99,9.68,0.925,High
1894.59,1483.63,76.62,97.11,20.45,69.4,8.7,0.789,Low
1470.87,1799.96,49.03,84.83,29.95,74.17,5.82,0.578,High
1350.9,1678.83,48.28,71.1,26.09,50.4,5.1,0.679,Moderate
1645.05,1516.87,65.07,89.02,22.5,83.98,9.46,0.731,High
257.48,430.93,35.85,55.49,23.58,72.35,9.33,0.646,High
558.24,427.06,78.43,90.05,25.83,56.85,5.12,0.871,Low
2160.95,2269.91,57.12,89.25,19.01,35.01,2.35,0.64,Moderate
936.59,844.41,66.55,105.81,20.12,41.84,6.71,0.629,Moderate
961.44,728.55,79.18,92.94,30.17,63.57,3.81,0.852,Low
132.11,83.28,95.18,104.25,25.05,52.41,7.74,0.913,Low
1249.01,2619.38,28.61,37.54,24.58,81.65,7.59,0.762,High
2351.18,2064.55,68.33,105.28,23.25,59.69,2.84,0.649,Moderate
246.4,321.39,46.0,52.45,22.53,49.2,2.51,0.877,Low
412.2,608.71,40.63,77.25,32.24,50.28,8.39,0.526,Moderate
2256.71,1927.16,70.26,97.18,26.78,69.17,2.12,0.723,Moderate
2395.44,2178.33,65.98,78.92,18.25,47.84,4.55,0.836,Low
1095.29,2486.47,26.43,60.48,21.51,78.95,3.21,0.437,High
802.57,1284.8,37.48,57.05,26.87,78.25,4.0,0.657,Moderate
1733.47,6307.35,16.49,36.88,14.62,66.62,6.75,0.447,High
1868.1,2162.15,51.84,73.74,18.83,33.5,5.58,0.703,Moderate
2488.91,6178.51,24.17,36.19,26.54,84.18,9.58,0.668,High
1743.33,3076.46,34.0,99.42,8.52,95.07,7.84,0.342,High
490.6,1428.24,20.61,35.29,21.32,45.79,3.82,0.584,Moderate
1920.31,1528.91,75.36,101.98,23.91,61.97,1.62,0.739,Moderate
1020.11,601.36,101.78,105.69,31.35,45.99,6.27,0.963,Low
83.8,154.38,32.57,45.81,31.32,42.29,7.21,0.711,Moderate
2049.05,2058.31,59.73,71.96,27.89,36.91,7.03,0.83,Low
2058.55,1324.96,93.22,102.66,12.57,97.36,13.28,0.908,High
1059.13,1627.34,39.05,77.03,22.83,32.88,4.48,0.507,Moderate
2219.97,2526.04,52.73,82.26,23.29,52.32,7.76,0.641,Moderate
499.97,412.23,72.77,88.75,31.26,55.19,8.17,0.82,Low
1824.88,1542.37,70.99,94.91,29.86,80.92,11.33,0.748,High
1862.73,1714.69,65.18,68.97,29.31,33.71,2.58,0.945,Low
2102.54,3568.67,35.35,64.74,27.83,58.2,7.27,0.546,Moderate
179.94,230.35,46.87,78.11,22.95,58.95,5.3,0.6,Moderate
1457.09,1994.65,43.83,72.57,24.91,78.88,11.21,0.604,High
2134.86,4009.13,31.95,46.51,32.78,38.36,5.7,0.687,Moderate
641.54,546.15,70.48,73.34,35.51,64.54,7.12,0.961,Low
418.84,950.83,26.43,96.47,35.41,54.11,4.73,0.274,High
972.72,778.07,75.01,95.92,31.85,53.05,3.19,0.782,Low
1608.8,2056.41,46.94,107.9,20.79,60.12,2.58,0.435,High
1260.43,2671.35,28.31,109.32,24.25,73.26,4.49,0.259,High
1028.8,1608.76,38.37,47.6,12.73,80.23,12.04,0.806,High
11.75,18.44,38.24,57.41,23.44,46.1,2.27,0.666,Moderate
1326.41,1327.96,59.93,88.0,34.89,36.12,6.35,0.681,Moderate
904.61,1430.21,37.95,93.71,27.94,31.15,2.58,0.405,High
1811.41,3572.8,30.42,97.8,25.95,92.61,10.29,0.311,High
1687.01,1839.04,55.04,74.38,12.01,78.21,4.65,0.74,High
2362.29,2737.83,51.77,68.39,29.82,74.21,11.2,0.757,High
2219.12,4220.2,31.55,38.67,30.97,47.99,2.82,0.816,Low
342.38,1435.56,14.31,43.77,21.03,52.58,6.84,0.327,High
1718.69,1437.43,71.74,75.44,34.72,32.63,6.18,0.951,Low
2471.18,2197.58,67.47,98.49,21.07,68.78,7.39,0.685,Moderate
2495.58,7033.1,21.29,71.93,16.38,53.57,4.3,0.296,High
1828.92,6012.89,18.25,48.79,35.46,54.27,1.28,0.374,High
75.59,127.65,35.53,76.9,22.69,77.32,4.01,0.462,High
1699.47,2700.43,37.76,39.05,22.78,86.17,9.42,0.967,High
2032.23,3248.1,37.54,90.23,23.26,73.92,6.79,0.416,High
1609.7,2546.32,37.93,83.74,18.91,57.54,4.03,0.453,High
1098.4,3032.86,21.73,53.4,18.65,47.25,7.37,0.407,High
944.29,1556.52,36.4,63.52,16.42,89.71,12.46,0.573,High
1653.87,1815.78,54.65,67.38,22.29,63.38,4.22,0.811,Low
265.1,701.32,22.68,66.11,29.14,62.57,1.25,0.343,High
1555.54,5080.7,18.37,69.33,20.37,37.59,2.92,0.265,High
1006.26,3221.75,18.74,74.68,19.87,49.24,3.3,0.251,High
1373.25,5953.4,13.84,51.64,10.17,78.04,8.61,0.268,High
2453.28,2556.83,57.57,81.32,9.77,98.39,9.24,0.708,High
1559.56,2615.25,35.78,66.51,10.98,98.93,11.17,0.538,High
1623.69,3090.78,31.52,107.59,19.36,91.91,8.64,0.293,High
1335.8,1583.33,50.62,85.51,22.88,59.9,1.24,0.592,Moderate
1773.61,3780.34,28.15,109.95,31.48,32.1,5.13,0.256,High
1711.58,2477.56,41.45,79.11,21.89,75.4,9.07,0.524,High
2205.36,2576.86,51.35,85.01,19.72,38.56,1.08,0.604,Moderate
2466.63,3325.05,44.51,51.69,23.67,44.64,3.27,0.861,Low
1996.89,1237.87,96.79,106.83,33.53,35.18,7.39,0.906,Low
1297.11,3512.03,22.16,60.23,22.96,61.99,6.58,0.368,High
2424.64,4924.79,29.54,42.56,28.86,41.22,2.98,0.694,Moderate
1436.74,2937.12,29.35,48.75,16.56,77.57,5.54,0.602,Moderate
2049.72,1869.05,65.8,84.04,27.5,85.95,6.5,0.783,High
253.28,629.53,24.14,80.47,19.21,49.21,2.12,0.3,High
1527.97,1122.54,81.67,94.31,28.98,49.71,4.31,0.866,Low
1639.51,1969.38,49.95,50.76,34.58,50.79,2.71,0.984,Low
1865.46,3258.45,34.35,41.34,16.22,47.78,7.26,0.831,Low
735.88,528.14,83.6,101.7,15.57,88.43,12.53,0.822,High
233.44,552.96,25.33,59.46,32.85,46.6,5.0,0.426,High
788.82,2306.49,20.52,45.6,22.05,79.83,11.11,0.45,High
165.82,435.22,22.86,54.04,22.12,89.83,7.05,0.423,High
464.85,630.59,44.23,82.67,23.29,85.74,15.24,0.535,High
2438.63,2872.92,50.93,69.57,14.97,93.05,4.88,0.732,High
1622.88,1461.4,66.63,93.71,26.35,50.31,3.51,0.711,Moderate
678.4,877.62,46.38,79.83,35.66,43.09,4.12,0.581,Moderate
1027.2,1585.59,38.87,48.65,14.33,78.74,7.71,0.799,Low
1810.28,1165.79,93.17,100.18,30.22,51.31,2.87,0.93,Low
558.77,1035.08,32.39,43.54,25.22,78.22,5.85,0.744,High
1136.77,955.67,71.37,76.01,28.32,92.11,12.68,0.939,High
1166.42,5798.28,12.07,38.56,23.15,35.95,7.67,0.313,High
492.57,336.57,87.81,106.95,27.52,56.6,6.52,0.821,Low
470.8,563.38,50.14,105.33,32.22,52.98,4.16,0.476,High
1582.95,2679.18,35.45,46.96,23.46,35.68,3.33,0.755,Low
831.47,1838.18,27.14,69.06,28.83,34.51,5.82,0.393,High
2360.15,2282.18,62.05,67.01,18.86,55.25,6.33,0.926,Low
2108.43,3868.68,32.7,39.26,24.07,36.06,7.97,0.833,Low
163.84,138.79,70.83,97.03,24.23,92.32,5.65,0.73,High
7.06,10.3,41.14,79.89,21.72,41.61,1.49,0.515,Moderate
147.0,175.73,50.19,103.7,27.29,78.42,14.86,0.484,High
1504.01,3228.64,27.95,86.8,19.53,51.14,7.91,0.322,High
1681.6,1156.4,87.25,88.31,14.8,75.35,4.55,0.988,Low
15.89,13.7,69.61,73.04,27.83,36.08,1.4,0.953,Low
205.96,153.7,80.4,89.53,23.77,36.83,1.19,0.898,Low
1385.81,1291.33,64.39,87.49,29.1,33.29,2.08,0.736,Moderate
2329.83,1611.04,86.77,92.11,22.99,94.13,7.75,0.942,High
14.02,63.82,13.18,39.69,25.03,54.54,6.53,0.332,High
1477.58,2377.44,37.29,45.98,18.26,39.82,3.31,0.811,Low
689.24,525.94,78.63,95.89,12.78,91.0,10.09,0.82,High
491.12,574.97,51.25,83.61,16.24,63.14,2.7,0.613,Moderate
414.81,573.34,43.41,44.94,25.1,41.27,7.29,0.966,Low
1409.6,1713.11,49.37,103.94,29.12,42.09,6.61,0.475,High
2199.16,1913.42,68.96,70.44,19.42,62.11,2.26,0.979,Low
2010.98,5874.33,20.54,42.61,14.86,47.78,6.87,0.482,High
184.08,309.64,35.67,70.78,21.78,56.72,7.66,0.504,Moderate
354.75,285.86,74.46,106.98,28.2,69.64,7.74,0.696,Moderate
1211.25,1965.25,36.98,75.0,31.29,31.18,2.93,0.493,High
240.1,400.83,35.94,49.3,22.42,48.16,5.03,0.729,Moderate
885.1,872.02,60.9,89.03,23.74,78.82,7.29,0.684,Moderate
1244.96,3900.66,19.15,70.94,14.38,81.14,17.99,0.27,High
1798.13,9455.55,11.41,38.55,29.99,32.5,7.53,0.296,High
2342.58,2599.02,54.08,75.95,19.28,55.81,1.71,0.712,Moderate
218.47,867.52,15.11,58.34,28.15,73.05,6.23,0.259,High
2117.95,2187.59,58.09,65.49,18.46,78.05,3.92,0.887,Low
70.37,151.17,27.93,53.2,28.49,60.91,3.05,0.525,Moderate
1304.32,1493.5,52.4,60.51,20.07,47.6,5.7,0.866,Low
1989.84,1815.82,65.75,79.22,18.66,34.06,1.27,0.83,Low
825.71,1327.86,37.31,72.16,23.61,68.73,6.67,0.517,Moderate
798.57,1140.54,42.01,60.97,20.29,56.56,6.86,0.689,Moderate
1620.29,3707.76,26.22,45.13,10.73,92.23,5.47,0.581,High
1270.59,4422.01,17.24,66.83,19.1,94.81,6.58,0.258,High
2166.36,1867.82,69.59,104.18,31.7,49.21,7.61,0.668,Moderate
1100.98,3384.16,19.52,55.14,29.48,70.74,10.66,0.354,High
2317.69,10285.61,13.52,40.61,22.96,71.79,11.51,0.333,High
1310.94,840.71,93.56,103.04,20.32,76.54,8.55,0.908,High
256.52,521.03,29.54,84.41,15.09,55.48,3.62,0.35,High
1551.98,3381.22,27.54,94.01,27.22,78.9,9.93,0.293,High
1009.52,2013.67,30.08,46.56,35.57,62.35,6.75,0.646,Moderate
1408.51,1113.45,75.9,76.82,19.52,49.67,3.3,0.988,Low
809.24,1961.0,24.76,35.53,21.76,31.42,3.55,0.697,Moderate
2198.03,2883.92,45.73,60.25,16.56,91.36,10.23,0.759,High
1400.31,8679.61,9.68,35.07,23.65,97.5,16.93,0.276,High
56.01,60.55,55.5,94.39,10.13,77.49,10.76,0.588,High
1983.59,3068.99,38.78,81.48,37.34,45.37,4.13,0.476,High
1383.07,1898.95,43.7,65.71,30.53,76.82,8.52,0.665,Moderate
1412.92,1596.52,53.1,68.16,21.26,88.2,10.75,0.779,High
1692.6,2749.96,36.93,90.96,25.77,45.09,7.99,0.406,High
1527.01,2378.52,38.52,44.69,25.17,80.19,11.69,0.862,High
1038.0,3202.06,19.45,77.79,28.36,64.85,5.48,0.25,High
2025.79,3075.59,39.52,86.1,22.15,98.71,17.68,0.459,High
2297.68,2127.48,64.8,91.65,28.87,56.79,4.65,0.707,Moderate
2171.26,5622.6,23.17,43.22,22.65,48.8,3.07,0.536,Moderate
2094.86,6140.28,20.47,71.33,27.47,35.75,5.94,0.287,High
1989.33,3299.97,36.17,52.12,24.07,61.11,4.81,0.694,Moderate
2215.29,5143.86,25.84,51.89,23.6,79.92,2.8,0.498,High
2130.65,1926.74,66.35,99.78,28.38,40.24,6.59,0.665,Moderate
1248.21,1000.17,74.88,104.44,28.22,62.64,8.33,0.717,Moderate
465.19,300.87,92.77,108.0,19.66,91.77,6.76,0.859,High
1906.06,5234.03,21.85,45.53,20.45,58.55,7.74,0.48,High
645.41,1396.99,27.72,90.9,25.84,80.44,10.5,0.305,High
2288.27,2660.26,51.61,95.05,29.59,55.24,7.63,0.543,Moderate
823.54,1643.25,30.07,95.45,37.95,60.43,7.18,0.315,High
2378.44,4521.75,31.56,67.87,28.02,37.7,7.55,0.465,High
14.99,45.2,19.9,45.74,22.52,52.96,3.29,0.435,High
1539.49,1292.96,71.44,101.77,17.31,74.15,6.89,0.702,High
2410.89,3868.77,37.39,81.64,30.71,68.4,5.92,0.458,High
2213.48,2123.92,62.53,85.43,20.13,63.78,5.19,0.732,Moderate
1042.13,2667.57,23.44,79.18,14.33,90.92,8.81,0.296,High
695.05,1297.95,32.13,37.27,19.04,56.46,3.45,0.862,Low
976.39,1224.06,47.86,53.53,22.2,40.82,2.42,0.894,Low
797.55,3146.15,15.21,41.22,35.59,32.01,2.49,0.369,High
2271.32,1762.31,77.33,101.75,26.4,37.39,1.9,0.76,Low
953.1,1406.44,40.66,78.19,19.93,57.1,7.53,0.52,Moderate
2196.4,3281.47,40.16,59.15,19.07,55.83,2.2,0.679,Moderate
1067.15,2307.35,27.75,71.53,24.96,63.33,5.31,0.388,High
956.62,2162.67,26.54,37.92,28.85,56.32,3.97,0.7,Moderate
752.03,4351.19,10.37,38.55,31.67,53.54,6.02,0.269,High
1712.34,7114.99,14.44,39.56,31.4,45.37,6.14,0.365,High
2169.66,1425.38,91.33,91.88,27.04,91.64,10.57,0.994,High
2005.5,1889.31,63.69,105.1,24.3,74.79,5.02,0.606,Moderate
2050.22,1334.2,92.2,94.95,32.19,56.49,7.55,0.971,Low
2267.72,2549.91,53.36,78.01,37.5,38.93,6.07,0.684,Moderate
1990.51,4299.16,27.78,68.09,35.13,47.88,1.63,0.408,High
1793.96,2207.5,48.76,53.76,22.01,32.97,4.58,0.907,Low
1129.59,1240.63,54.63,91.35,23.23,39.74,7.49,0.598,Moderate
416.87,463.1,54.01,109.11,22.97,32.04,6.53,0.495,High
1283.82,1711.0,45.02,60.27,32.8,78.64,6.76,0.747,Moderate
2045.45,2102.93,58.36,94.43,11.57,89.71,12.66,0.618,High
217.01,140.28,92.82,97.71,28.5,62.48,7.72,0.95,Low
324.07,410.65,47.35,61.18,24.5,30.82,2.07,0.774,Low
1408.01,1365.01,61.89,83.98,18.31,77.11,4.14,0.737,High
520.54,1391.82,22.44,58.43,21.15,53.31,5.41,0.384,High
2339.53,2188.86,64.13,94.86,29.28,32.16,4.02,0.676,Moderate
978.7,1902.85,30.86,67.09,26.82,89.98,9.65,0.46,High
1348.17,2735.55,29.57,37.33,19.41,56.47,8.55,0.792,Low
1562.78,1852.73,50.61,70.69,27.4,40.16,4.08,0.716,Moderate
1715.55,3201.65,32.15,38.0,31.65,52.5,5.57,0.846,Low
1522.28,1353.74,67.47,106.93,24.11,76.14,6.55,0.631,High
1062.92,2175.89,29.31,55.83,30.08,37.7,6.63,0.525,Moderate
1096.65,2404.93,27.36,87.97,14.56,68.66,4.41,0.311,High
2373.39,3567.22,39.92,59.31,30.4,46.35,3.59,0.673,Moderate
513.2,2089.01,14.74,43.36,16.25,75.05,17.48,0.34,High
54.85,62.9,52.32,66.39,24.26,82.05,12.77,0.788,High
103.1,63.97,96.7,109.02,13.1,78.42,14.3,0.887,High
1292.07,1107.33,70.01,74.24,20.22,59.0,2.93,0.943,Low
484.82,741.13,39.25,45.75,20.61,79.73,10.02,0.858,High
2033.2,1828.42,66.72,101.09,20.23,82.34,11.79,0.66,High
969.0,1876.09,30.99,64.69,24.9,68.12,5.01,0.479,High
548.5,645.17,51.01,100.01,12.15,88.44,12.9,0.51,High
2072.48,2938.3,42.32,45.41,25.72,62.86,2.25,0.932,Low
1245.24,2690.47,27.77,54.77,23.95,48.26,2.51,0.507,Moderate
468.22,806.81,34.82,49.32,35.63,37.34,1.64,0.706,Moderate
2189.99,4040.57,32.52,57.15,26.89,92.16,7.76,0.569,High
1485.38,850.33,104.81,109.18,25.92,41.04,1.91,0.96,Low
1738.52,3689.82,28.27,55.54,27.96,35.54,4.02,0.509,Moderate
362.64,568.85,38.25,106.54,17.94,47.67,3.42,0.359,High
141.66,301.62,28.18,45.45,15.75,60.44,6.07,0.62,Moderate
589.39,1849.55,19.12,62.91,27.34,64.67,7.97,0.304,High
2449.16,7081.91,20.75,66.73,22.75,30.49,1.67,0.311,High
1135.71,2927.09,23.28,60.47,17.14,92.15,6.17,0.385,High
1348.29,2669.0,30.31,48.81,21.23,51.43,2.85,0.621,Moderate
435.06,883.97,29.53,104.73,24.97,53.77,5.17,0.282,High
223.91,362.41,37.07,89.1,24.3,61.58,6.58,0.416,High
2367.5,2266.63,62.67,83.9,32.1,62.88,4.49,0.747,Moderate
1602.74,3691.53,26.05,75.96,24.27,59.64,3.65,0.343,High
2054.78,2218.59,55.57,68.18,36.49,46.82,2.82,0.815,Low
607.52,1265.23,28.81,54.88,28.99,87.39,8.92,0.525,High
1124.25,783.09,86.14,97.11,37.07,43.83,6.6,0.887,Low
2417.22,4454.34,32.56,87.77,16.38,72.62,3.97,0.371,High
1739.56,2618.5,39.86,103.26,30.94,44.69,2.22,0.386,High
77.53,96.37,48.27,65.49,17.12,60.77,4.59,0.737,Moderate
689.13,956.24,43.24,89.7,32.46,63.87,6.32,0.482,High
187.75,714.33,15.77,48.36,26.72,74.85,5.97,0.326,High
811.4,857.11,56.8,79.33,28.1,77.67,9.93,0.716,High
1401.51,1558.97,53.94,57.94,32.24,55.48,7.41,0.931,Low
1298.86,1513.53,51.49,59.12,20.01,89.96,6.41,0.871,High
1475.82,1816.39,48.75,99.89,33.02,72.94,8.21,0.488,High
966.19,1451.1,39.95,109.74,23.59,72.95,8.36,0.364,High
1829.19,2343.61,46.83,82.01,24.19,45.71,5.52,0.571,Moderate
2140.65,1719.17,74.71,88.2,28.58,31.17,3.68,0.847,Low
1188.67,4825.45,14.78,54.14,18.7,80.81,6.25,0.273,High
1346.89,1968.66,41.05,67.85,14.13,76.77,2.5,0.605,Moderate
1130.06,2086.26,32.5,50.55,35.2,43.87,5.47,0.643,Moderate
625.95,1862.95,20.16,36.46,23.19,78.67,6.95,0.553,Moderate
2489.2,3105.03,48.1,57.13,26.24,79.5,6.58,0.842,Low
2247.55,4358.53,30.94,89.43,19.69,93.89,11.26,0.346,High
264.82,1168.32,13.6,45.04,15.62,70.33,5.87,0.302,High
2090.53,3506.62,35.77,55.98,35.69,36.13,1.72,0.639,Moderate
516.6,986.82,31.41,95.47,28.92,71.29,3.33,0.329,High
158.75,345.11,27.6,68.66,17.13,81.68,5.02,0.402,High
1421.04,2296.94,37.12,48.91,37.52,53.96,2.27,0.759,Low
40.17,109.9,21.93,60.08,35.46,51.11,2.24,0.365,High
1393.87,1572.03,53.2,54.18,32.65,57.05,1.47,0.982,Low
433.81,452.67,57.5,63.82,27.11,72.41,7.8,0.901,Low
1193.33,1240.47,57.72,73.16,35.09,30.73,2.37,0.789,Low
2001.5,5481.06,21.91,60.52,28.62,59.62,1.49,0.362,High
81.05,71.96,67.58,69.89,37.18,61.07,2.98,0.967,Low
2043.29,2237.18,54.8,86.44,30.31,72.76,7.3,0.634,Moderate
2495.65,2470.53,60.61,70.89,14.23,71.09,7.64,0.855,High
2142.56,2926.33,43.93,56.68,25.11,51.54,1.91,0.775,Low
2242.03,3089.61,43.54,46.72,37.89,51.17,1.59,0.932,Low
167.87,358.31,28.11,40.62,18.06,81.57,9.3,0.692,High
1334.94,1531.19,52.31,86.6,29.95,79.11,4.11,0.604,High
318.43,491.53,38.87,76.51,20.55,87.49,15.78,0.508,High
650.18,1604.72,24.31,96.48,32.7,72.58,7.98,0.252,High
995.4,930.43,64.19,96.82,15.18,52.05,5.86,0.663,Moderate
151.71,114.15,79.74,90.61,10.04,97.55,7.74,0.88,High
1187.77,2399.54,29.7,98.02,18.5,47.89,6.68,0.303,High
322.93,646.29,29.98,44.35,32.6,63.24,6.36,0.676,Moderate
2193.55,2035.78,64.65,73.97,19.37,52.96,1.36,0.874,Low
2231.74,1599.05,83.74,86.87,27.72,55.96,2.7,0.964,Low
1356.91,979.6,83.11,84.46,12.36,82.36,9.3,0.984,High
370.82,712.89,31.21,67.4,28.24,35.8,5.13,0.463,High
428.39,727.11,35.35,89.27,10.52,83.57,6.88,0.396,High
566.57,547.68,62.07,70.37,16.06,74.01,10.48,0.882,High
1457.09,2128.69,41.07,50.08,27.07,57.58,5.07,0.82,Low
454.95,808.56,33.76,91.74,25.96,89.41,4.17,0.368,High
686.47,842.64,48.88,70.13,17.51,92.75,5.47,0.697,High
931.34,1779.06,31.41,38.92,23.14,57.13,4.74,0.807,Low
39.86,107.44,22.26,35.17,21.61,51.48,2.6,0.633,Moderate
1482.56,3595.54,24.74,63.44,22.74,31.04,3.16,0.39,High
2255.38,2627.63,51.5,97.35,25.35,74.01,3.65,0.529,Moderate
744.49,2759.07,16.19,57.63,35.56,61.92,1.77,0.281,High
1147.86,1755.14,39.24,63.6,14.41,74.48,8.82,0.617,Moderate
1635.25,1796.65,54.61,84.53,20.98,50.44,1.31,0.646,Moderate
2062.13,3312.66,37.35,66.57,37.39,36.12,2.06,0.561,Moderate
418.0,299.0,83.88,84.39,36.11,39.75,5.54,0.994,Low
106.04,118.97,53.48,72.17,18.76,74.0,8.79,0.741,Moderate
1150.69,990.41,69.71,82.69,35.29,39.81,6.43,0.843,Low
284.69,464.04,36.81,56.63,31.01,79.86,2.75,0.65,Moderate
682.11,1087.03,37.65,61.82,31.12,71.97,2.13,0.609,Moderate
1140.28,1413.28,48.41,81.36,25.95,44.41,2.31,0.595,Moderate
1891.99,2775.54,40.9,59.11,31.55,49.27,2.8,0.692,Moderate
754.3,1417.86,31.92,67.34,14.91,72.2,7.72,0.474,High
1934.58,1468.74,79.03,98.79,28.48,68.85,3.64,0.8,Low
1379.14,1827.08,45.29,92.8,23.63,62.61,2.63,0.488,High
1667.21,2811.48,35.58,99.93,18.97,31.04,7.93,0.356,High
1236.21,2637.72,28.12,61.66,13.05,92.42,10.12,0.456,High
180.87,501.26,21.65,86.25,19.01,71.11,7.39,0.251,High
1811.65,3792.71,28.66,36.84,12.85,81.58,15.95,0.778,High
405.19,352.44,68.98,84.54,29.08,50.16,3.12,0.816,Low
2191.48,5325.59,24.69,47.21,13.81,91.36,4.71,0.523,High
1225.63,2386.82,30.81,40.65,27.0,95.51,10.05,0.758,High
1923.81,1692.75,68.19,72.93,31.67,53.24,5.48,0.935,Low
1825.9,5336.29,20.53,50.2,16.69,79.36,10.65,0.409,High
996.45,776.56,76.99,81.73,21.03,91.8,10.54,0.942,High
2143.61,7592.48,16.94,51.33,25.28,82.29,14.43,0.33,High
1170.21,2549.48,27.54,59.23,28.99,45.63,4.59,0.465,High
542.32,423.47,76.84,105.4,12.19,86.19,11.65,0.729,High
830.65,2235.94,22.29,49.64,26.94,41.41,2.9,0.449,High
1623.04,4948.29,19.68,38.98,13.52,75.74,5.81,0.505,High
7.31,22.29,19.68,70.53,37.9,62.14,2.51,0.279,High
778.46,757.99,61.62,69.78,12.52,73.24,7.75,0.883,High
2175.89,3899.44,33.48,101.16,17.11,69.01,8.42,0.331,High
1139.65,2424.79,28.2,41.23,34.22,41.91,7.12,0.684,Moderate
687.88,1836.8,22.47,46.81,23.62,53.1,2.0,0.48,High
282.86,1226.27,13.84,44.93,28.88,71.21,10.84,0.308,High
1844.19,1972.75,56.09,109.77,27.06,59.98,6.1,0.511,Moderate
1181.7,1671.82,42.41,53.34,18.0,87.38,7.6,0.795,High
1198.84,1162.42,61.88,74.37,16.89,83.22,11.11,0.832,High
339.05,1127.66,18.04,57.27,17.35,57.12,7.56,0.315,High
618.59,495.53,74.9,80.89,17.88,57.07,6.13,0.926,Low
1268.99,2819.98,27.0,46.15,19.35,66.44,2.49,0.585,Moderate
844.83,1197.77,42.32,95.32,22.2,56.08,8.41,0.444,High
861.44,1051.39,49.16,52.75,23.64,71.29,5.18,0.932,High
1597.66,4511.04,21.25,50.71,15.72,71.86,4.33,0.419,High
1110.73,909.07,73.31,81.28,21.93,48.54,3.55,0.902,Low
1208.93,1055.22,68.74,104.31,37.79,32.28,7.52,0.659,Moderate
1256.65,1100.88,68.49,72.78,22.77,54.54,6.61,0.941,Low
1426.26,2142.6,39.94,51.08,21.95,45.15,5.13,0.782,Low
20.12,51.86,23.28,40.62,23.51,52.94,3.16,0.573,Moderate
2494.13,2094.15,71.46,103.72,25.36,82.65,15.25,0.689,High
346.4,389.51,53.36,86.34,23.48,63.44,3.21,0.618,Moderate
457.73,919.14,29.88,49.06,25.16,81.36,5.88,0.609,High
119.93,119.91,60.01,69.7,18.17,85.46,7.93,0.861,High
1449.65,1548.5,56.17,73.81,32.81,59.98,2.11,0.761,Low
594.75,750.95,47.52,72.55,28.29,54.61,6.65,0.655,Moderate
1761.56,2907.66,36.35,65.85,26.28,57.54,7.36,0.552,Moderate
1486.06,2036.63,43.78,57.45,16.64,91.49,4.66,0.762,High
31.83,117.67,16.23,44.22,18.5,77.15,7.86,0.367,High
990.13,2920.74,20.34,57.61,16.73,72.14,3.41,0.353,High
1829.77,3345.1,32.82,95.42,36.99,46.21,5.41,0.344,High
63.03,107.56,35.16,55.9,15.43,90.15,9.96,0.629,High
292.6,719.51,24.4,57.0,26.71,60.17,3.71,0.428,High
1741.22,2073.7,50.38,78.84,18.44,68.82,4.71,0.639,Moderate
911.85,1695.41,32.27,46.23,20.81,75.09,7.92,0.698,Moderate
277.09,350.08,47.49,87.13,12.5,81.73,11.86,0.545,High
675.44,763.21,53.1,86.9,28.13,61.11,6.55,0.611,Moderate
1249.58,3437.63,21.81,56.64,24.2,84.88,11.91,0.385,High
308.62,520.15,35.6,86.19,27.31,43.56,7.59,0.413,High
813.33,625.24,78.05,96.12,32.41,59.28,4.73,0.812,Low
406.56,481.42,50.67,55.68,20.83,52.56,5.39,0.91,Low
1793.08,2327.67,46.22,56.5,29.75,53.78,6.42,0.818,Low
388.57,472.04,49.39,62.28,17.76,75.04,2.37,0.793,Low
1490.06,1266.34,70.6,108.79,21.9,90.36,9.9,0.649,High
1729.37,2471.71,41.98,52.09,37.61,37.97,2.66,0.806,Low
2147.39,4646.35,27.73,53.22,13.17,74.14,8.38,0.521,High
613.02,2716.48,13.54,52.67,24.37,31.09,5.35,0.257,High
1568.5,4784.44,19.67,40.31,21.64,80.71,8.19,0.488,High
524.66,350.75,89.75,95.89,14.48,78.08,5.45,0.936,High
771.47,1064.83,43.47,59.96,36.39,33.61,1.05,0.725,Moderate
2138.09,2826.91,45.38,87.78,18.47,50.89,5.3,0.517,Moderate
886.2,1582.97,33.59,81.14,29.34,50.83,2.31,0.414,High
1101.77,962.66,68.67,93.05,18.06,76.11,8.79,0.738,High
514.89,867.55,35.61,89.47,28.13,47.03,5.21,0.398,High
1096.42,719.12,91.48,103.96,22.59,86.51,9.48,0.88,High
1090.04,1592.85,41.06,59.16,18.15,59.81,1.32,0.694,Moderate
1314.36,2436.26,32.37,81.12,13.8,93.0,10.87,0.399,High
605.65,1611.49,22.55,46.31,22.92,64.96,2.61,0.487,High
2077.43,2696.21,46.23,46.93,26.43,49.55,1.84,0.985,Low
2042.97,3330.02,36.81,55.6,26.05,46.94,3.18,0.662,Moderate
407.17,1180.2,20.7,57.65,18.26,89.97,10.93,0.359,High
694.23,1215.81,34.26,72.74,27.06,47.7,7.89,0.471,High
562.19,1301.37,25.92,71.6,32.35,36.11,5.07,0.362,High
1044.67,1697.27,36.93,38.87,33.68,44.57,7.56,0.95,Low
729.72,810.95,53.99,65.92,25.29,64.82,4.89,0.819,Low
1725.0,1427.19,72.52,83.26,21.27,77.66,4.21,0.871,High
1537.94,1619.45,56.98,96.91,23.76,47.85,6.86,0.588,Moderate
433.52,394.47,65.94,80.91,10.33,97.23,13.62,0.815,High
1917.92,4679.76,24.59,39.03,20.14,60.11,5.88,0.63,Moderate
1383.61,3753.01,22.12,38.14,36.33,64.18,3.1,0.58,Moderate
442.09,847.73,31.29,51.46,20.0,71.44,4.36,0.608,High
572.34,488.34,70.32,98.21,20.38,77.53,4.32,0.716,Moderate
2088.19,2000.18,62.64,102.19,15.54,87.12,4.79,0.613,High
1187.47,4675.08,15.24,51.3,24.5,50.63,4.19,0.297,High
757.91,435.5,104.42,109.34,26.3,52.71,6.13,0.955,Low
919.1,1767.5,31.2,90.97,32.33,51.9,6.86,0.343,High
121.91,531.97,13.75,48.08,18.09,47.65,4.7,0.286,High
1646.44,6135.8,16.1,63.87,15.09,75.32,2.16,0.252,High
1328.54,1149.59,69.34,102.12,27.63,49.28,6.72,0.679,Moderate
2201.49,2099.99,62.9,108.07,33.07,49.0,2.8,0.582,Moderate
434.53,918.67,28.38,47.77,18.39,31.82,7.51,0.594,Moderate
187.04,471.33,23.81,40.49,37.25,61.88,3.83,0.588,Moderate
1124.59,3844.75,17.55,63.13,20.45,33.58,4.93,0.278,High
251.42,578.86,26.06,42.72,16.75,45.16,3.35,0.61,Moderate
593.55,400.01,89.03,95.02,26.1,54.94,5.39,0.937,Low
464.43,1119.11,24.9,43.08,16.77,55.26,4.14,0.578,Moderate
656.94,765.81,51.47,69.56,18.03,48.6,7.75,0.74,Moderate
1200.87,4091.55,17.61,39.66,25.03,92.77,9.42,0.444,High
1060.15,2397.63,26.53,67.0,25.7,50.42,8.2,0.396,High
924.33,2887.03,19.21,38.73,28.34,82.75,12.61,0.496,High
2188.73,1514.34,86.72,96.89,33.13,50.21,6.04,0.895,Low
448.58,309.47,86.97,89.85,37.72,43.24,2.4,0.968,Low
285.15,273.66,62.52,93.87,30.17,41.62,4.14,0.666,Moderate
2157.35,1850.21,69.96,85.11,33.83,53.45,3.84,0.822,Low
235.93,260.46,54.35,76.55,16.71,70.32,9.69,0.71,High
2496.75,6763.21,22.15,57.09,26.51,38.78,3.43,0.388,High
1597.33,2878.07,33.3,60.88,36.36,44.24,3.3,0.547,Moderate
220.78,178.67,74.14,82.56,20.91,35.12,5.22,0.898,Low
2303.47,4010.68,34.46,67.83,24.85,76.42,5.45,0.508,High
897.74,749.89,71.83,93.17,30.59,54.7,4.38,0.771,Low
110.64,96.47,68.81,100.16,19.39,55.32,6.24,0.687,Moderate
1667.12,2127.79,47.01,50.28,23.16,86.92,12.14,0.935,High
2321.13,3105.19,44.85,79.67,34.38,52.56,1.54,0.563,Moderate
359.75,230.63,93.59,102.51,16.56,93.82,16.11,0.913,High
792.66,1038.19,45.81,45.9,29.95,52.76,5.77,0.998,Low
642.79,1050.31,36.72,89.12,14.38,88.11,11.05,0.412,High
476.42,648.48,44.08,52.85,21.82,45.94,7.51,0.834,Low
1406.89,1338.83,63.05,64.08,22.67,59.41,4.19,0.984,Low
817.61,2016.3,24.33,86.59,14.02,79.99,5.32,0.281,High
1384.11,1794.05,46.29,89.7,22.53,58.63,2.87,0.516,Moderate
1937.88,4956.21,23.46,59.84,19.37,70.81,12.64,0.392,High
373.64,676.27,33.15,61.51,29.71,45.21,8.53,0.539,Moderate
1616.74,1057.38,91.74,106.3,20.02,83.58,11.87,0.863,High
1646.79,1845.14,53.55,67.02,34.6,37.15,7.61,0.799,Low
393.09,614.36,38.39,44.69,24.78,94.97,6.43,0.859,High
2067.49,3094.27,40.09,61.4,14.12,65.11,7.23,0.653,Moderate
440.51,388.91,67.96,104.87,30.92,36.72,1.44,0.648,Moderate
1714.86,7200.25,14.29,43.3,11.1,91.05,11.17,0.33,High
357.78,902.35,23.79,73.88,15.26,78.06,3.45,0.322,High
1708.82,5645.88,18.16,44.62,25.46,79.96,2.18,0.407,High
5.78,10.78,32.17,61.28,28.25,92.89,5.29,0.525,High
1033.2,1408.59,44.01,90.94,18.74,56.32,8.02,0.484,High
630.02,733.86,51.51,107.32,23.1,35.99,4.55,0.48,High
286.23,231.3,74.25,81.95,21.37,44.0,6.5,0.906,Low
1480.76,3194.74,27.81,42.59,20.54,48.86,8.87,0.653,Moderate
444.23,1500.78,17.76,49.46,22.87,53.73,5.01,0.359,High
1685.44,1924.75,52.54,56.13,21.96,63.41,6.67,0.936,Low
861.13,824.18,62.69,98.11,34.79,56.33,3.09,0.639,Moderate
1518.66,5789.05,15.74,62.7,18.99,89.36,13.6,0.251,High
1378.85,1489.04,55.56,56.75,27.42,60.92,4.02,0.979,Low
165.55,424.31,23.41,61.27,31.58,55.6,4.33,0.382,High
1677.56,2300.65,43.75,46.2,20.02,36.11,7.53,0.947,Low
621.56,1200.31,31.07,84.67,35.58,35.18,1.13,0.367,High
1255.58,1529.64,49.25,99.7,37.64,53.69,6.95,0.494,High
1881.58,2401.51,47.01,87.37,32.34,55.08,7.65,0.538,Moderate
1423.81,2424.88,35.23,57.1,22.53,72.69,6.09,0.617,Moderate
28.54,30.38,56.36,77.74,18.27,84.94,8.27,0.725,High
1331.48,2160.91,36.97,40.05,20.96,84.47,4.52,0.923,High
1496.89,1709.43,52.54,67.19,32.22,40.04,5.56,0.782,Low
1569.68,3121.67,30.17,52.01,22.11,71.79,7.99,0.58,High
782.87,794.79,59.1,83.12,30.15,55.72,6.38,0.711,Moderate
152.14,279.16,32.7,57.77,26.41,32.49,1.79,0.566,Moderate
1673.39,2341.5,42.88,54.69,29.25,43.7,6.58,0.784,Low
1960.96,2597.87,45.29,63.17,29.61,32.84,4.04,0.717,Moderate
460.91,467.69,59.13,101.25,21.21,55.11,3.42,0.584,Moderate
2280.12,4115.74,33.24,94.96,18.37,70.4,8.76,0.35,High
329.47,504.55,39.18,50.75,35.84,53.0,6.83,0.772,Low
1539.9,1770.68,52.18,100.16,24.32,76.63,3.15,0.521,Moderate
1447.26,1795.98,48.35,91.58,17.46,74.51,9.26,0.528,High
1054.32,5798.28,10.91,36.14,33.39,61.22,4.82,0.302,High
268.39,240.46,66.97,75.08,15.82,73.22,12.11,0.892,High
2135.95,3782.67,33.88,39.03,19.27,56.55,4.75,0.868,Low
1039.3,690.18,90.35,102.79,30.32,57.03,4.85,0.879,Low
2457.6,5199.44,28.36,86.45,34.52,64.89,1.69,0.328,High
255.32,557.26,27.49,92.25,35.78,58.02,7.17,0.298,High
1628.03,1774.42,55.05,59.19,23.51,61.02,5.77,0.93,Low
2239.7,2985.6,45.01,46.69,27.36,76.99,4.67,0.964,Low
1800.34,1546.91,69.83,83.03,23.6,71.76,5.65,0.841,High
2385.18,1362.05,105.07,107.65,25.65,56.59,6.27,0.976,Low
219.34,456.8,28.81,80.71,18.79,46.86,2.56,0.357,High
2277.68,1585.02,86.22,90.85,22.27,57.54,6.31,0.949,Low
882.14,683.65,77.42,90.97,14.86,83.7,6.01,0.851,High
98.7,101.54,58.32,88.09,11.75,95.88,12.95,0.662,High
1165.17,1615.3,43.28,99.95,27.58,91.18,11.31,0.433,High
1160.25,939.35,74.11,96.5,20.28,57.02,5.38,0.768,Low
1300.84,1016.81,76.76,103.04,26.28,51.18,6.32,0.745,Moderate
1413.06,1457.76,58.16,73.16,26.61,71.63,10.79,0.795,High
1286.83,2505.18,30.82,40.6,20.47,90.64,6.7,0.759,High
508.76,892.3,34.21,61.31,26.91,88.74,5.57,0.558,High
918.71,1537.16,35.86,46.88,28.51,57.71,5.7,0.765,Low
749.44,1013.21,44.38,59.97,15.93,75.59,5.59,0.74,Moderate
1186.04,2676.28,26.59,49.88,23.41,49.86,4.24,0.533,Moderate
2223.55,3044.57,43.82,105.6,33.71,64.82,7.05,0.415,High
64.13,252.48,15.24,53.84,21.63,83.36,8.99,0.283,High
634.87,1741.76,21.87,80.12,28.69,68.56,4.32,0.273,High
2066.53,4041.45,30.68,88.67,30.74,40.13,1.84,0.346,High
391.65,815.09,28.83,47.42,17.53,69.94,3.97,0.608,Moderate
782.34,1080.83,43.43,51.76,17.85,76.01,9.87,0.839,High
399.34,776.93,30.84,98.21,19.77,87.43,16.32,0.314,High
73.73,140.71,31.44,93.29,20.58,71.59,11.5,0.337,High
73.15,114.06,38.48,45.38,31.63,67.24,6.36,0.848,Low
734.13,1007.5,43.72,45.03,28.58,39.54,2.85,0.971,Low
1488.49,1130.36,79.01,94.85,15.86,82.11,4.08,0.833,High
1868.41,2896.76,38.7,57.68,34.39,58.6,7.14,0.671,Moderate
119.61,150.42,47.71,109.43,22.99,39.36,4.87,0.436,High
603.33,756.05,47.88,64.53,23.85,85.45,5.33,0.742,High
2041.21,7234.06,16.93,37.8,31.35,42.89,5.56,0.448,High
870.84,1273.78,41.02,69.18,26.6,52.44,4.82,0.593,Moderate
192.83,282.05,41.02,85.1,21.11,47.41,3.17,0.482,High
1737.49,2367.69,44.03,53.05,30.42,57.97,3.7,0.83,Low
121.78,97.52,74.93,75.16,12.42,93.14,10.79,0.997,High
404.88,456.89,53.17,84.94,30.55,56.78,6.67,0.626,Moderate
918.65,2701.91,20.4,38.2,17.67,77.6,14.57,0.534,High
2408.63,2064.54,70.0,103.1,29.61,58.56,7.03,0.679,Moderate
2048.02,5240.14,23.45,69.16,17.13,47.13,5.49,0.339,High
1640.16,1186.94,82.91,99.06,25.2,88.28,4.09,0.837,High
1567.13,7260.83,12.95,44.04,34.47,56.03,7.64,0.294,High
2447.55,4113.53,35.7,102.0,26.77,92.65,5.37,0.35,High
296.4,448.75,39.63,104.29,27.12,34.36,1.14,0.38,High
2485.26,1584.65,94.1,100.75,22.4,44.91,4.17,0.934,Low
18.97,12.21,93.25,93.44,21.77,58.75,2.67,0.998,Low
669.07,962.46,41.71,72.66,30.98,52.88,2.19,0.574,Moderate
100.37,197.13,30.55,45.06,27.74,86.51,7.63,0.678,High
390.51,721.16,32.49,65.11,19.73,75.88,6.6,0.499,High
345.49,692.83,29.92,103.89,21.66,58.38,4.66,0.288,High
1566.48,5034.22,18.67,61.83,13.84,70.86,9.15,0.302,High
212.81,356.17,35.85,42.18,18.83,57.2,7.1,0.85,Low
170.55,328.61,31.14,43.74,33.45,58.11,2.46,0.712,Moderate
1346.16,2745.4,29.42,82.88,17.96,74.57,7.85,0.355,High
1076.92,610.15,105.9,107.51,25.35,51.01,1.59,0.985,Low
959.73,1094.33,52.62,54.59,33.25,43.53,1.92,0.964,Low
2158.56,12660.18,10.23,35.03,31.74,41.96,1.46,0.292,High
798.01,3531.02,13.56,53.37,16.33,55.06,6.49,0.254,High
1814.16,3998.88,27.22,54.76,37.14,36.67,2.28,0.497,High
1115.36,3695.28,18.11,49.2,30.8,51.42,5.55,0.368,High
1934.38,2078.12,55.85,59.48,26.09,88.75,7.23,0.939,High
711.17,1980.97,21.54,66.69,14.86,45.14,8.52,0.323,High
1724.9,2651.65,39.03,77.14,31.83,67.83,6.22,0.506,Moderate
1153.21,1467.19,47.16,60.93,16.5,84.41,11.71,0.774,High
1066.73,750.78,85.25,109.3,25.43,45.08,1.26,0.78,Low
1321.9,1110.68,71.41,95.85,32.56,55.18,2.84,0.745,Moderate
1559.07,1315.3,71.12,80.82,21.9,47.01,1.31,0.88,Low
1041.91,1834.89,34.07,94.12,33.8,62.71,5.49,0.362,High
1399.19,4764.55,17.62,48.95,21.92,55.15,2.22,0.36,High
2115.9,4177.49,30.39,37.42,29.97,38.67,2.09,0.812,Low
1335.8,2315.75,34.61,87.17,22.89,52.56,5.96,0.397,High
369.11,902.84,24.53,73.23,20.23,60.83,5.04,0.335,High
2270.29,2197.41,61.99,71.75,25.04,32.63,3.95,0.864,Low
1673.41,1522.2,65.96,97.86,17.55,46.3,7.54,0.674,Moderate
421.76,634.7,39.87,41.84,20.33,84.09,16.17,0.953,High
515.78,889.02,34.81,67.2,28.4,86.92,5.0,0.518,High
1208.07,1485.03,48.81,53.4,19.09,54.66,4.17,0.914,Low
2096.72,3641.19,34.55,40.6,18.56,46.15,2.55,0.851,Low
1486.33,8717.48,10.23,36.94,14.2,87.07,10.75,0.277,High
153.03,219.56,41.82,92.73,19.73,59.35,4.93,0.451,High
1264.14,1406.42,53.93,107.64,24.39,94.14,12.17,0.501,High
2477.62,3911.0,38.01,44.88,22.89,77.25,12.69,0.847,High
515.03,665.27,46.45,72.47,32.45,33.11,5.85,0.641,Moderate
2122.3,2660.64,47.86,61.2,34.92,63.32,2.07,0.782,Low
1731.19,2194.16,47.34,72.94,19.77,85.61,6.08,0.649,High
949.37,1717.8,33.16,99.89,17.69,74.63,6.05,0.332,High
1010.61,1952.24,31.06,53.74,18.18,86.27,15.21,0.578,High
950.72,1691.17,33.73,67.06,32.28,60.56,7.34,0.503,Moderate
2202.6,4144.12,31.89,68.88,33.09,70.45,5.46,0.463,High
1723.58,1185.0,87.27,92.94,18.66,77.11,8.5,0.939,High
823.8,741.05,66.7,105.71,20.96,67.38,5.64,0.631,Moderate
326.98,377.28,52.0,100.19,18.11,64.37,6.91,0.519,Moderate
2203.51,3471.01,38.09,38.87,15.69,75.32,6.66,0.98,High
2189.94,3871.43,33.94,56.85,27.44,87.12,10.78,0.597,High
437.45,569.72,46.07,100.81,37.52,37.06,1.96,0.457,High
1566.92,4559.42,20.62,58.91,29.18,72.76,3.09,0.35,High
1394.38,2348.1,35.63,96.03,18.05,48.36,2.36,0.371,High
1811.99,2492.42,43.62,107.17,18.24,45.63,7.31,0.407,High
1087.84,945.81,69.01,106.01,27.0,37.1,7.15,0.651,Moderate
1728.8,2650.18,39.14,60.59,29.66,47.81,2.16,0.646,Moderate
290.56,449.67,38.77,64.62,26.22,45.46,1.76,0.6,Moderate
2292.07,3179.75,43.25,79.94,20.28,74.9,6.03,0.541,Moderate
1239.77,820.04,90.71,103.32,14.51,73.98,10.21,0.878,High
1174.26,995.84,70.75,86.28,23.69,47.18,2.91,0.82,Low
1669.9,1823.03,54.96,91.0,20.21,88.53,6.02,0.604,High
1848.41,2780.96,39.88,88.63,31.11,53.73,7.15,0.45,High
2385.15,2598.2,55.08,99.97,33.84,64.9,2.81,0.551,Moderate
118.35,132.61,53.55,94.27,24.95,56.51,4.26,0.568,Moderate
2171.91,1473.98,88.41,90.12,15.09,87.14,4.18,0.981,High
2477.81,3636.71,40.88,54.58,13.21,92.04,4.11,0.749,High
1107.73,1778.06,37.38,70.4,32.3,56.44,6.05,0.531,Moderate
2194.27,5040.44,26.12,92.97,8.93,89.13,13.33,0.281,High
1967.04,6645.41,17.76,46.13,12.99,82.21,10.58,0.385,High
1629.85,4027.64,24.28,50.8,16.97,76.07,9.42,0.478,High
859.38,983.08,52.45,109.96,28.26,32.93,2.92,0.477,High
2481.0,5883.79,25.3,87.85,17.43,49.3,6.11,0.288,High
1266.61,911.67,83.36,90.71,36.46,48.13,2.81,0.919,Low
2115.24,5030.3,25.23,37.66,15.6,92.45,6.16,0.67,High
2100.49,8329.77,15.13,40.89,35.08,35.06,7.13,0.37,High
578.18,977.21,35.5,68.94,36.89,45.34,5.83,0.515,Moderate
1440.29,1671.19,51.71,72.63,23.99,83.84,9.81,0.712,High
1517.95,1877.1,48.52,67.48,29.15,78.91,8.72,0.719,Moderate
2052.74,1892.8,65.07,80.13,27.58,39.01,1.02,0.812,Low
2417.01,2288.47,63.37,99.79,31.86,45.22,6.62,0.635,Moderate
2498.8,5659.8,26.49,61.18,19.87,43.79,1.12,0.433,High
290.42,850.42,20.49,55.38,12.11,92.52,5.99,0.37,High
275.93,588.96,28.11,35.76,28.19,33.91,7.9,0.786,Low
317.83,325.53,58.58,65.89,23.34,58.3,2.91,0.889,Low
12.16,41.98,17.38,67.09,22.84,85.16,5.81,0.259,High
1751.37,4151.81,25.31,85.79,21.59,90.6,6.37,0.295,High
309.51,250.65,74.09,87.68,18.47,58.64,2.44,0.845,Low
850.88,1912.81,26.69,82.12,18.51,62.08,3.18,0.325,High
1653.34,1208.14,82.11,109.19,24.42,58.19,6.2,0.752,Low
2397.18,2690.94,53.45,94.1,35.67,34.75,6.95,0.568,Moderate
641.42,507.65,75.81,88.67,17.85,74.57,4.57,0.855,Low
805.1,1144.96,42.19,73.25,12.74,81.33,12.03,0.576,High
94.98,110.38,51.63,69.3,21.88,91.44,6.0,0.745,High
885.26,550.02,96.57,105.66,23.51,60.79,2.41,0.914,Low
2231.48,2346.87,57.05,96.36,24.86,34.31,6.05,0.592,Moderate
1393.89,2218.98,37.69,52.56,10.45,86.0,12.44,0.717,High
421.16,479.41,52.71,74.87,21.09,59.97,3.18,0.704,Moderate
1577.68,1313.09,72.09,82.01,26.81,86.26,8.05,0.879,High
986.95,1655.49,35.77,63.43,26.48,43.63,1.24,0.564,Moderate
691.45,664.64,62.42,91.39,20.85,92.21,11.16,0.683,High
250.22,531.25,28.26,108.28,29.85,56.62,6.19,0.261,High
908.5,5386.36,10.12,39.55,19.97,51.38,4.68,0.256,High
1141.38,2997.06,22.85,86.89,33.55,61.85,4.07,0.263,High
208.3,144.09,86.74,94.9,22.87,31.54,5.14,0.914,Low
2275.12,3258.71,41.89,85.84,30.64,61.65,7.74,0.488,High
982.81,1404.01,42.0,61.14,33.54,63.07,4.7,0.687,Moderate
990.36,1513.16,39.27,76.1,17.61,79.99,9.55,0.516,High
156.81,177.76,52.93,84.15,28.39,71.54,7.92,0.629,Moderate
940.13,1205.55,46.79,59.53,26.64,64.44,7.41,0.786,Low
479.15,1016.22,28.29,76.68,31.28,47.26,3.66,0.369,High
2213.0,2214.48,59.96,92.96,16.49,93.91,8.85,0.645,High
718.05,2169.34,19.86,60.36,17.85,67.2,3.33,0.329,High
313.15,234.54,80.11,107.68,17.8,75.8,13.32,0.744,High
1398.03,2592.14,32.36,36.12,28.89,62.29,6.33,0.896,Low
647.39,652.61,59.52,108.03,19.12,52.27,7.88,0.551,Moderate
2240.01,1543.95,87.05,87.66,16.79,85.63,4.72,0.993,High
558.1,1259.35,26.59,66.32,27.91,83.9,14.8,0.401,High
1022.39,2682.26,22.87,45.46,24.56,37.53,1.79,0.503,Moderate
547.48,1016.36,32.32,102.93,28.57,42.41,4.62,0.314,High
113.33,120.8,56.29,83.64,21.35,81.39,7.15,0.673,High
569.96,1746.56,19.58,72.51,31.56,33.81,1.44,0.27,High
1632.19,1775.08,55.17,64.83,27.14,85.21,9.91,0.851,High
1523.49,1552.73,58.87,82.11,19.28,37.35,2.08,0.717,Moderate
314.13,693.95,27.16,104.47,32.95,57.6,5.69,0.26,High
1740.98,2922.74,35.74,58.79,24.91,91.02,12.89,0.608,High
928.97,872.27,63.9,91.03,28.8,71.24,8.2,0.702,Moderate
876.56,1361.12,38.64,84.01,29.02,72.69,4.94,0.46,High
1274.26,3377.01,22.64,60.04,36.24,40.81,7.82,0.377,High
607.49,600.68,60.68,89.23,22.88,88.38,12.15,0.68,High
1410.86,4661.43,18.16,40.09,19.88,84.26,9.37,0.453,High
959.66,780.42,73.78,93.04,24.31,93.15,9.36,0.793,High
2417.85,4560.55,31.81,43.94,19.54,77.49,8.95,0.724,High
915.05,1027.18,53.45,103.18,29.53,43.86,1.67,0.518,Moderate
1414.28,2963.91,28.63,75.34,25.35,72.08,4.53,0.38,High
625.66,526.13,71.35,106.34,34.41,36.89,6.5,0.671,Moderate
1764.38,1009.56,104.86,107.66,33.33,41.09,5.4,0.974,Low
1496.38,9041.57,9.93,39.09,20.56,39.02,7.35,0.254,High
1298.99,935.65,83.3,94.77,17.83,92.46,10.68,0.879,High
